month,customers,seats,seat_mrr,tokens_in,tokens_out,api_calls,usage_mrr,mrr,arr,arpc_mrr,usage_share_pct,scenario,cost_per_1k_tokens,infra_fixed_cost,ai_cogs,other_cogs,total_cogs,gross_profit,gross_margin_pct,rnd,sales_marketing,g_and_a,opex_total,ebitda,ebitda_margin_pct,cash_balance,burn
2026-01,330,1161,114939,188751235,165569586,37529,212592.4926,327531.4926,3930377.9112,992.5196745454546,64.90749665395687,base,0.25,40000.0,128580.20525,19651.889556,148232.094806,179299.397794,54.74264363731599,220000.0,260000.0,110000.0,590000.0,-410700.602206,-125.39270619316318,2089299.3977939999,410700.602206
2026-02,359,1267,125433,212504181,184648695,41762,238291.7256,363724.7256,4364696.7072,1013.1607955431755,65.51430486528353,base,0.248,40857.142857142855,139351.05610514287,21823.483536,161174.53964114288,202550.18595885712,55.687769266917584,222857.14285714287,262857.14285714284,111142.85714285714,596857.1428571428,-394306.9568982857,-108.40807048457795,1694992.4408957143,394306.9568982857
2026-03,388,1376,136224,232318703,191652209,46556,254382.5472,390606.54720000003,4687278.566400001,1006.7179051546392,65.12500853441915,base,0.246,41714.28571428572,146011.13006628572,23436.392832,169447.52289828574,221159.0243017143,56.61938487387297,225714.2857142857,265714.28571428574,112285.71428571428,603714.2857142858,-382555.26141257153,-97.93877346779186,1312437.1794831427,382555.26141257153
2026-04,416,1436,142164,253264477,207830591,49766,276657.0408,418821.0408,5025852.4896,1006.7813480769231,66.05614662328111,base,0.244,42571.42857142857,155078.62516342857,25129.262448,180207.88761142857,238613.15318857145,56.9725801580529,228571.42857142855,268571.4285714286,113428.57142857143,610571.4285714286,-371958.2753828572,-88.81079008647006,940478.9041002854,371958.2753828572
2026-05,447,1553,153747,261853714,219852516,51846,289023.738,442770.738,5313248.856000001,990.5385637583893,65.27616059397313,base,0.242,43428.57142857143,160001.47908857142,26566.24428,186567.72336857143,256203.01463142858,57.863583259521675,231428.57142857145,271428.5714285714,114571.42857142857,617428.5714285714,-361225.5567971428,-81.58297868300926,579253.3473031425,361225.5567971428
2026-06,478,1685,166815,285587427,238594312,59589,314509.04339999997,481324.04339999997,5775888.5208,1006.9540656903765,65.34247513969089,base,0.24,44285.71428571428,170089.33164571426,28879.442603999996,198968.77424971428,282355.2691502857,58.66219920280128,234285.7142857143,274285.71428571426,115714.28571428572,624285.7142857142,-341930.4451354285,-71.03955221519452,237322.9021677142,341930.4451354285
2026-07,508,1789,177111,299332272,261129155,59917,336276.8562,513387.8562,6160654.2743999995,1010.6060161417322,65.5015213427637,base,0.238,45142.857142857145,178532.67676885717,30803.271372,209335.94814085716,304051.9080591428,59.22460073552921,237142.85714285716,277142.85714285716,116857.14285714286,631142.8571428572,-327090.94908371434,-63.71224896217449,-89768.04691600008,327090.94908371434
2026-08,538,1889,187011,317818801,271238752,66038,353434.5318,540445.5318,6485346.3816,1004.5455981412639,65.39688294264477,base,0.236,46000.0,185017.582508,32426.731907999998,217444.31441599998,323001.217384,59.76573000950103,240000.0,280000.0,118000.0,638000.0,-314998.782616,-58.285019318573994,-404766.82953200024,314998.782616
2026-09,567,1957,193743,336740644,289585713,67972,375795.81419999996,569538.8141999999,6834465.770399999,1004.4776264550263,65.98247649334661,base,0.2339999999999999,46857.142857142855,193417.51039514277,34172.32885199999,227589.83924714278,341948.9749528571,60.03962617248031,242857.14285714287,282857.14285714284,119142.85714285714,644857.1428571428,-302908.1679042857,-53.18481556516289,-707674.997436286,302908.1679042857
2026-10,595,2052,203148,359153699,294662953,73053,392289.9912,595437.9912,7145255.894400001,1000.7361196638657,65.88259348541212,base,0.2319999999999999,47714.28571428571,199399.74897828564,35726.279472,235126.02845028564,360311.9627497144,60.512088256842546,245714.2857142857,285714.28571428574,120285.71428571428,651714.2857142858,-291402.3229645714,-48.9391552556634,-999077.3204008574,291402.3229645714
2026-11,623,2193,217107,370723412,311110142,75176,409100.1324,626207.1324,7514485.5888,1005.1478850722311,65.32984235297413,base,0.23,48571.42857142857,205393.14599142858,37572.427943999995,242965.57393542858,383241.5584645714,61.2004460881435,248571.42857142855,288571.4285714286,121428.57142857143,658571.4285714286,-275329.8701068572,-43.96785917331037,-1274407.1905077146,275329.8701068572
2026-12,650,2237,221463,380512828,326366397,78745,424127.535,645590.5349999999,7747086.419999999,993.2162076923075,65.69605841572631,base,0.228,49428.57142857143,210597.03472857142,38735.43209999999,249332.4668285714,396258.0681714285,61.379163213944665,251428.57142857145,291428.5714285714,122571.42857142858,665428.5714285714,-269170.50325714285,-41.6936879747072,-1543577.6937648575,269170.50325714285
2027-01,677,2365,234135,405305627,340083304,82194,447233.3586,681368.3585999999,8176420.303199999,1006.4525237813883,65.63752967908951,base,0.226,50285.71428571429,218743.61269171428,40882.101515999995,259625.71420771428,421742.6443922856,61.89642343516444,254285.7142857143,294285.7142857143,123714.28571428572,672285.7142857143,-250543.0698934287,-36.77057596396416,-1794120.763658286,250543.0698934287
2027-02,703,2451,242649,421180707,354514721,85324,465417.2568,708066.2568,8496795.0816,1007.2066241820768,65.73074939390334,base,0.224,51142.857142857145,224898.63301485713,42483.975408,267382.6084228571,440683.64837714285,62.23762877343527,257142.85714285716,297142.85714285716,124857.14285714286,679142.8571428572,-238459.2087657143,-33.67752755842302,-2032579.9724240005,238459.2087657143
2027-03,729,2536,251064,442314037,361571504,84880,482331.3246,733395.3245999999,8800743.8952,1006.0292518518518,65.76689384583514,base,0.222,52000.0,230462.590102,44003.71947599999,274466.309578,458929.01502199995,62.57593955515107,260000.0,300000.0,126000.0,686000.0,-227070.98497800005,-30.961607929781458,-2259650.957402,227070.98497800005
2027-04,754,2598,257202,440964668,380684496,90182,492989.4984,750191.4983999999,9002297.9808,994.9489368700264,65.71515399087333,base,0.22,52857.142857142855,233619.95893714286,45011.489903999995,278631.4488411429,471560.04955885705,62.858623506743946,262857.14285714284,302857.14285714284,127142.85714285714,692857.1428571428,-221297.0932982858,-29.49874715592829,-2480948.0507002864,221297.0932982858
2027-05,779,2762,273438,458504073,387120608,91787,507374.8086,780812.8086,9369753.7032,1002.3270970474967,64.98033882278709,base,0.218,53714.28571428571,238060.4661722857,46848.768516,284909.2346882857,495903.5739117143,63.5111986445088,265714.28571428574,305714.28571428574,128285.71428571428,699714.2857142858,-203810.7118025715,-26.102378131834797,-2684758.7625028575,203810.7118025715
2027-06,803,2777,274923,485340581,405205435,96235,534327.6096,809250.6096,9711007.3152,1007.7840717310087,66.02745839933439,base,0.216,54571.42857142857,246929.36802742857,48555.036576,295484.40460342856,513766.2049965714,63.48666271014836,268571.4285714286,308571.4285714286,129428.57142857142,706571.4285714286,-192805.22357485723,-23.82515642097049,-2877563.9860777147,192805.22357485723
2027-07,827,2873,284427,494785649,414655635,98240,545664.7704,830091.7704,9961101.244800001,1003.7385373639662,65.7354752640251,base,0.214,55428.57142857143,250049.0062045714,49805.506224,299854.5124285714,530237.2579714286,63.87694431856863,271428.5714285714,311428.5714285714,130571.42857142858,713428.5714285714,-183191.3134571428,-22.06880250949453,-3060755.2995348573,183191.3134571428
2027-08,850,2953,292347,514219350,431831471,104303,567630.4926,859977.4926,10319729.9112,1011.7382265882353,66.00527310126023,base,0.212,56285.71428571428,256848.48833771428,51598.649556,308447.1378937143,551530.3547062858,64.133115046863,274285.7142857143,314285.7142857143,131714.2857142857,720285.7142857143,-168755.35957942856,-19.62322979747116,-3229510.6591142863,168755.35957942856
2027-09,873,3056,302544,531260426,443877955,102750,585083.0286,887627.0286,10651524.3432,1016.7549010309278,65.91541376593904,base,0.21,57142.857142857145,261921.91715285718,53257.621715999994,315179.5388688572,572447.4897311428,64.49189482591909,277142.85714285716,317142.85714285716,132857.14285714287,727142.8571428572,-154695.3674117144,-17.427969454209386,-3384206.0265260004,154695.3674117144
2027-10,895,3141,310959,535577499,447161880,108995,589643.6274,900602.6274,10807231.5288,1006.2599188826815,65.47211938546916,base,0.208,58000.0,262409.79083199997,54036.157644,316445.948476,584156.678924,64.86286639096697,280000.0,320000.0,134000.0,734000.0,-149843.321076,-16.638117246958412,-3534049.3476020005,149843.321076
2027-11,917,3185,315315,540267956,466942253,108275,604326.1254,919641.1254,11035693.5048,1002.8801803707743,65.71325582434638,base,0.206,58857.142857142855,266342.44591114286,55178.467524,321520.91343514284,598120.2119648572,65.03843678203314,282857.14285714284,322857.14285714284,135142.85714285716,740857.1428571428,-142736.93089228566,-15.520938217090052,-3676786.2784942864,142736.93089228566
2027-12,938,3299,326601,558978180,465757988,112469,614841.7008,941442.7008,11297312.4096,1003.670256716418,65.30845693291077,base,0.204,59714.28571428571,268760.46398628573,56486.562048,325247.0260342857,616195.6747657142,65.45227598473025,285714.28571428574,325714.28571428574,136285.7142857143,747714.2857142858,-131518.6109485716,-13.969900753047677,-3808304.8894428583,131518.6109485716
2028-01,959,3410,337590,583831939,483798349,116776,640578.1728,978168.1728,11738018.0736,1019.9876671532846,65.48752971243678,base,0.202,60571.42857142857,276232.74674742855,58690.090368,334922.8371154285,643245.3356845714,65.76019886675375,288571.4285714286,328571.4285714286,137428.57142857142,754571.4285714286,-111326.09288685722,-11.381079039628434,-3919630.982329715,111326.09288685722
2028-02,980,3476,344124,587513957,488894454,116458,645845.0466,989969.0466,11879628.5592,1010.1724965306122,65.23891315775205,base,0.2,61428.57142857143,276710.25362857146,59398.142796,336108.39642457146,653860.6501754285,66.04859540013707,291428.5714285714,331428.5714285714,138571.42857142858,761428.5714285714,-107567.92125314288,-10.865786321560215,-4027198.903582858,107567.92125314288
2028-03,1000,3523,348777,596797157,502983971,119950,659868.6768,1008645.6768,12103748.1216,1008.6456768,65.42125663924722,base,0.198,62285.71428571429,280042.3776297143,60518.740608,340561.11823771434,668084.5585622857,66.23580251509445,294285.7142857143,334285.7142857143,139714.2857142857,768285.7142857143,-100201.15572342859,-9.934227452530592,-4127400.0593062863,100201.15572342859
2028-04,1020,3622,358578,600009148,505387209,124271,663237.8142,1021815.8142,12261789.7704,1001.78021,64.9077656641341,base,0.196,63142.857142857145,279800.54311485717,61308.948852,341109.49196685717,680706.3222331428,66.61732112318906,297142.85714285716,337142.85714285716,140857.14285714287,775142.8571428572,-94436.53490971436,-9.242031058567107,-4221836.594216,94436.53490971436
2028-05,1039,3605,356895,625492083,528964244,125000,692673.7962,1049568.7962,12594825.5544,1010.1720848893166,65.99603558221713,base,0.194,64000.0,287964.527438,62974.127772,350938.65521,698630.14099,66.56353957162355,300000.0,340000.0,142000.0,782000.0,-83369.85901000001,-7.943248628564746,-4305206.453226,83369.85901000001
2028-06,1058,3656,361944,637489883,526688219,126048,698506.8611999999,1060450.8612,12725410.334399998,1002.3165039697542,65.86885698876925,base,0.192,64857.142857142855,288379.33844114287,63627.051671999994,352006.39011314284,708444.4710868571,66.80596876362432,302857.14285714284,342857.14285714284,143142.85714285716,788857.1428571428,-80412.6717702857,-7.582875804286791,-4385619.124996286,80412.6717702857
2028-07,1077,3765,372735,642983039,536781855,128451,707858.9364,1080593.9364,12967127.2368,1003.3369883008356,65.50646941053851,base,0.19,65714.28571428571,289869.61557428574,64835.636183999995,354705.25175828574,725888.6846417142,67.17497296533176,305714.28571428574,345714.28571428574,144285.7142857143,795714.2857142858,-69825.60107257159,-6.461779834263708,-4455444.726068857,69825.60107257159
2028-08,1095,3840,380160,662656243,547178068,130563,725900.5865999999,1106060.5866,13272727.0392,1010.1009923287671,65.62936925827893,base,0.188,66571.42857142857,294020.27903942857,66363.635196,360383.91423542856,745676.6723645715,67.4173441670823,308571.4285714286,348571.4285714286,145428.57142857142,802571.4285714286,-56894.75620685716,-5.143909555782119,-4512339.482275714,56894.75620685716
2028-09,1113,3920,388080,664564312,554015933,133982,731148.147,1119228.1469999999,13430737.763999999,1005.595819407008,65.32610433000485,base,0.186,67428.57142857142,294084.49699857144,67153.68882,361238.1858185714,757989.9611814285,67.72434764200302,311428.5714285714,351428.5714285714,146571.42857142858,809428.5714285714,-51438.610247142846,-4.595900343019416,-4563778.092522857,51438.610247142846
2028-10,1130,3940,390060,679820352,571021466,135440,750505.0908,1140565.0908,13686781.089599999,1009.349637876106,65.80116267398564,base,0.184,68285.71428571429,298440.6087977143,68433.90544799999,366874.5142457143,773690.5765542856,67.83396956429851,314285.7142857143,354285.7142857143,147714.2857142857,816285.7142857143,-42595.137731428724,-3.7345643904945587,-4606373.230254285,42595.137731428724
2028-11,1147,4034,399366,683891632,573053256,136661,754166.9328,1153532.9328,13842395.1936,1005.6956693984307,65.37888181218989,base,0.182,69142.85714285714,297906.8267588571,69211.975968,367118.80272685713,786414.1300731429,68.17439777503878,317142.85714285716,357142.85714285716,148857.14285714284,823142.8571428572,-36728.72706971422,-3.184020674690374,-4643101.957323999,36728.72706971422
2028-12,1164,4031,399069,695097428,575771250,137999,762521.2067999999,1161590.2067999998,13939082.481599998,997.9297309278348,65.64459672061346,base,0.18,70000.0,298756.36204000004,69695.41240799999,368451.774448,793138.4323519998,68.28039937913843,320000.0,360000.0,150000.0,830000.0,-36861.5676480002,-3.1733710763237304,-4679963.524971999,36861.5676480002
